{
  "test/integration/pages/FlashSalesObjectPage.js.map": 1727659100028,
  "test/integration/pages/FlashSalesList.js": 1727628462653,
  "test/integration/pages/FlashSalesObjectPage.js": 1727628462653,
  "test/integration/opaTests.qunit.js": 1727628462653,
  "test/integration/FirstJourney.js": 1727628462657,
  "test/testsuite.qunit.js": 1727628462649,
  "xs-app.json": 1727659091757,
  "manifest.json": 1727649269542,
  "Component.js": 1727628462641,
  "test/integration/FirstJourney-dbg.js": 1727628462657,
  "test/integration/FirstJourney.js.map": 1727659100042,
  "test/integration/pages/FlashSalesObjectPage-dbg.js": 1727628462653,
  "i18n/i18n.properties": 1727628947322,
  "test/integration/opaTests.qunit-dbg.js": 1727628462653,
  "test/integration/opaTests.qunit.js.map": 1727659100029,
  "test/integration/pages/FlashSalesList-dbg.js": 1727628462653,
  "test/integration/pages/FlashSalesList.js.map": 1727659100039,
  "test/testsuite.qunit-dbg.js": 1727628462649,
  "test/testsuite.qunit.js.map": 1727659100031,
  "Component-dbg.js": 1727628462641,
  "Component.js.map": 1727659100031,
  "Component-preload.js": 1727659100121,
  "Component-preload.js.map": 1727659100121,
  "test/integration/opaTests.qunit.html": 1727628462653,
  "test/testsuite.qunit.html": 1727628462649,
  "test/flpSandbox.html": 1727628462649,
  "index.html": 1727628462645
}