{
  "test/integration/pages/FlashSalesList.js.map": 1727756074841,
  "test/integration/FirstJourney.js": 1727628462657,
  "test/integration/pages/FlashSalesList.js": 1727628462653,
  "test/integration/opaTests.qunit.js": 1727628462653,
  "test/integration/pages/FlashSalesObjectPage.js": 1727628462653,
  "test/testsuite.qunit.js": 1727628462649,
  "xs-app.json": 1727662945397,
  "manifest.json": 1727649269542,
  "Component.js": 1727628462641,
  "test/integration/FirstJourney-dbg.js": 1727628462657,
  "test/integration/FirstJourney.js.map": 1727756074849,
  "test/integration/pages/FlashSalesList-dbg.js": 1727628462653,
  "i18n/i18n.properties": 1727628947322,
  "test/integration/opaTests.qunit-dbg.js": 1727628462653,
  "test/integration/opaTests.qunit.js.map": 1727756074841,
  "test/integration/pages/FlashSalesObjectPage-dbg.js": 1727628462653,
  "test/integration/pages/FlashSalesObjectPage.js.map": 1727756074844,
  "test/testsuite.qunit-dbg.js": 1727628462649,
  "test/testsuite.qunit.js.map": 1727756074844,
  "Component-dbg.js": 1727628462641,
  "Component.js.map": 1727756074843,
  "Component-preload.js": 1727756074906,
  "Component-preload.js.map": 1727756074906,
  "test/integration/opaTests.qunit.html": 1727628462653,
  "test/testsuite.qunit.html": 1727628462649,
  "test/flpSandbox.html": 1727628462649,
  "index.html": 1727628462645
}